# of SOMs,# of classes,It-1,It-2,It-3,It-4,It-5,It-6,It-7,It-8
1,21,0.6095238095238096,0.6,0.6238095238095238,0.6761904761904762,0.6,0.6476190476190476,0.6238095238095238,0.680952380952381
