# of SOMs,# of classes,It-1,It-2,It-3,It-4,It-5,It-6,It-7,It-8
10,2,0.95,0.95,1.0,1.0,1.0,1.0,1.0,1.0
10,3,1.0,1.0,0.8666666666666667,0.9333333333333333,1.0,1.0,1.0,0.8333333333333334
10,4,1.0,0.975,0.925,0.95,1.0,0.975,0.875,0.975
10,5,0.94,0.96,0.98,0.98,0.94,0.98,0.98,1.0
10,6,0.9166666666666666,0.75,0.8666666666666667,0.9666666666666667,0.85,0.9166666666666666,0.9333333333333333,0.95
10,7,0.9714285714285714,0.9,0.8714285714285714,0.9571428571428572,0.9857142857142858,0.9571428571428572,0.9428571428571428,0.8714285714285714
10,8,0.95,0.8875,0.925,0.9,0.95,0.95,0.8625,0.9
10,9,0.9555555555555556,0.9444444444444444,0.9777777777777777,0.9333333333333333,0.8777777777777778,0.9,0.7666666666666667,0.9222222222222223
